model,w_s,cost,service
ws,0.1,729926949227.4277,0.9999999948261771
ws,0.5,729926949227.4277,0.9999999948261771
ws,1.0,729926949227.4277,0.9999999948261771
ws,2.0,729926949227.4277,0.9999999948261771
ws,5.0,729926949227.4277,0.9999999948261771
ws,10.0,729926949227.4277,0.9999999948261771
ws,20.0,729926949227.4277,0.9999999948261771
lex,,729926949227.4277,0.9999999948261771
